{
  "Kp": 1.89579163965,
  "Ki": 1.12992141102,
  "Kd": 0.45,
  "bestCost": 6.39337171637,
  "sampleTime": 0.01,
  "referenceDegrees": 10
}
